family,check,statement,value,verdict
F1 dipolar,A: UHP-pole-free,fluctuation eq. d2Pi/dt2=+4piG sigma* Pi (their own text): pole at omega=+i sqrt(4piG sigma*),pole at +i*2.90e-18 1/s (mean sigma*),VIOLATION
F1 dipolar,A: KK locking,UHP pole => causal Green fn ~ sinh(gamma t) grows; KK static sum rule cannot hold (non-tempered response),UHP pole; see KK suite,VIOLATION
F1 dipolar,B: front speed,monopolar Jeans-type growth at k=0; no propagation speed defined; growth rate sqrt(4 pi G sigma*),"n/a (growth, not propagation)","VIOLATION (unstable, not propagating)"
F1 dipolar,C: reachability,static solutions are a saddle of their own fluctuation dynamics; growth time at mean sigma* (their printed tau_g = sqrt(pi/sigma*); their printed 6e10 yr corresponds to sigma_bar* ~ 1.3e-26 kg/m^3),69 Gyr (printed def.) / 11 Gyr (literal eq.) vs t_Hubble 13.8 Gyr,MARGINAL at the mean (their defense); the literal equation gives ~11 Gyr ~ t_Hubble
F1 dipolar,C: reachability,"at cluster-scale sigma* (their own Angus 2008 application), growth time",6.9 Gyr (printed def.) / 1.1 Gyr (literal eq.),VIOLATION (active within t_Hubble)
F1 dipolar,D: R7 window,to track baryons within 0.1 Gyr needs sigma* >= 5.3e-24 kg/m^3 -> then xi = Pi/sigma* at the RAR knee,"xi = 23.9 kpc (Mpc-scale dipoles), v_int = 0.000993 c",VIOLATION (tracking needs unphysical medium)
F1 dipolar,aux: dipole length,"at weak-clustering sigma* = mean, required dipole length xi = Pi/sigma* at RAR knee",xi = 2.87e+05 kpc (~Gpc-scale 'atoms'),absurdity printed (their own weak-clustering hypothesis)
F2 superfluid,A: UHP-pole-free,MOND branch (X<0) kinetic term wrong sign (their own Eq. 62 text) -> poles at omega=+/-i|c_s|k: UHP,ghost growth time at k=1/10kpc: 0.0143 Gyr,VIOLATION at T=0 (their own admission)
F2 superfluid,B: front speed,non-relativistic EFT: c_s(MOND) ~ phi'/m ~ v_s < c OK; but Lorentz-invariant completions: superluminal in transition + hyperbolicity broken deeper in (Hertzberg 2021),"c_s(MOND,10kpc) ~ 0.00228 c in NR EFT; completions acausal (occupied)",VIOLATION at completion level (OCCUPIED: Hertzberg 2021)
F2 superfluid,C: reachability,"patched (finite-T operator M^2 Y^2, their Eq. 65): response time at the RAR knee (local c_s ~ v_s) and full-core relaxation at r* = 49 kpc (local speed)",knee 0.0143 Gyr; core(r*) ~ 0.343 Gyr — both << t_Hubble,PASS (static profile reachable)
F2 superfluid,D: R7 window,knee-scale response far below the 0.1 Gyr floor (effectively instantaneous on SFH timing); core-edge relaxation sits at the window floor,knee 0.0143 Gyr << 0.1 Gyr; core-edge 0.34 Gyr ~ floor,NO LAG at the RAR knee; marginal in-window at the core edge
F2 superfluid,occupation,the acausality of this family is published: Hertzberg 2021 (arXiv:2105.02241) + their own ghost admission + Mistele 2021 three problems,occupier named,OCCUPIED — honest kill printed
F3 emergent,A: UHP-pole-free,"no EOM published: chi(omega) undefined; three readings tested: (i) instantaneous: KK sum rule fails; (ii) glassy: frozen, undefined; (iii) minimal elastic extension: bulk modulus K=-4mu/3<0 -> omega=+/-i|v_K|k: UHP pole in the compressional channel",K = -5.72e-12 Pa < 0; compressional growth @10kpc = 0.000317 Gyr,VIOLATION (all three readings)
F3 emergent,B: front speed,"v_P = 0 exactly (lambda+2mu = 0, on his own Eq. 6.3 boundary); v_S = sqrt(mu/rho_dS)","v_S = 0.089 c, v_P = 0 (marginal)",MARGINAL (his own boundary)
F3 emergent,C: reachability,"the published theory is explicitly static (""non-dynamical situations""); the microscopic story requires memory to persist ~ t_Hubble (else no apparent DM), and to track current baryons (else no RAR)",static by construction; no tau published,UNDEFINED / internally split
F3 emergent,D: R7 window,the glassy memory must last ~ t_Hubble (14 Gyr) >> the 5 Gyr window top: frozen on galactic timescales; but R8 census shows residuals track current baryons with no memory structure,frozen (>>5 Gyr) vs R8 null demanding tracking,"VIOLATION (the squeeze, with R8)"
KK suite (control),A: KK locking,causal stable damped oscillator: Re/Im Hilbert-locked numerically,max relative error 7.3e-04,PASS (control)
KK suite,A: KK locking,DDM unstable response (UHP pole at +i gamma): Re/Im not KK-locked,KK Re = 0 vs actual Re chi(0) = -1/gamma^2,FAIL (violation)
KK suite,A: KK locking,instantaneous (statics-as-response) reading: KK sum rule chi(0) = (2/pi) Int Im/w fails,KK chi(0) = 0 vs theory chi(0) = 1,FAIL (violation)
