Name,match,bar3,bar1,peculiar,rc3_type,N_1Mpc,N_2Mpc,d_nn_kpc,log_dnn,close_comp,v_est,GLAT,zoa
CamB,none,,,,,8,42,187.24793094429333,2.2724170275226885,0,245.28,14.42,0
D512-2,none,,,,,3,10,357.4180916463673,2.553176531670825,0,1109.6,67.35,0
D564-8,none,,,,,0,1,1069.6014797106893,3.0292219950670756,0,641.67,37.6,0
D631-7,pos,,,0,.IA.9..,0,0,2995.706873516091,3.4764993158890793,0,563.56,20.9,0
DDO064,pos,,,0,.I..9..,0,15,1166.0723704174172,3.066725505052145,0,496.4,50.56,0
DDO154,pos,,,0,.IBS9..,40,132,166.97095691722697,2.2226409361325987,0,294.92,89.41,0
DDO161,pos,,,0,.IBS9/.,2,15,675.3321537269242,2.8295174277206874,0,547.5,45.36,0
DDO168,pos,,,0,.IB.9..,35,86,142.69371700835586,2.154404850979584,0,310.25,70.66,0
DDO170,pos,,,0,.I..9*.,1,7,400.1422267831566,2.6022143846487666,0,1124.2,84.26,0
ESO079-G014,pos,,1,0,.S..4./,0,4,1337.8486892340875,3.1264069974776603,0,2095.1,-51.48,0
ESO116-G012,pos,2,2,0,.SBS7*.,5,19,129.83077075947784,2.1133776353556626,0,949.0,-50.83,0
ESO444-G084,pos,,,0,.I..9..,10,31,153.64968108217826,2.186531663164516,0,352.59000000000003,33.74,0
ESO563-G021,pos,0,0,0,.SA.4*/,1,2,753.7524554987582,2.877228739951291,0,4438.4,14.4,0
F561-1,none,,,,,0,1,1963.4429251470792,3.2930182813874693,0,4847.200000000001,26.72,0
F563-1,none,,,,,1,2,713.28108801976,2.8532607092617543,0,3569.7,35.75,0
F563-V1,none,,,,,4,6,424.2663290598289,2.6276385663323327,0,3942.0,33.59,0
F563-V2,none,,,,,2,7,761.6113464387265,2.88173340551694,0,4358.1,34.85,0
F565-V2,none,,,,,1,1,559.5572678358984,2.7478445409668932,0,3781.3999999999996,45.83,0
F567-2,none,,,,,0,1,1529.1515501798433,3.1844505293267966,0,5767.0,54.58,0
F568-1,none,,,,,0,1,1280.209046638316,3.1072808918265102,0,6621.1,56.7,0
F568-3,none,,,,,2,2,531.0941969215144,2.7251715560628327,0,6015.200000000001,56.93,0
F568-V1,none,,,,,3,4,52.54739128769701,1.7205511603741526,1,5883.799999999999,60.9,0
F571-8,none,,,,,0,5,1028.6110052409006,3.0122511665822196,0,3890.8999999999996,70.6,0
F571-V1,none,,,,,2,4,204.2622495404923,2.3101881104838746,0,5847.299999999999,68.76,0
F574-1,none,,,,,0,0,2768.6404723479377,3.4422665631804086,0,7066.4,84.32,0
F574-2,none,,,,,1,3,584.7109763012717,2.7669412465691647,0,6504.299999999999,84.57,0
F579-V1,none,,,,,0,0,4734.057836987486,3.6752335594931647,0,6533.5,66.66,0
F583-1,none,,,,,0,2,1464.6268150343903,3.1657269811287447,0,2584.2,47.23,0
F583-4,none,,,,,4,4,425.77612124231706,2.6291813012932566,0,3890.8999999999996,47.79,0
IC2574,name,1,1,0,.SXS9..,9,56,157.68341752668323,2.1977860239863554,0,285.43,43.61,0
IC4202,name,,1,0,.S..4..,1,1,563.2722063938288,2.750718322320761,0,7329.200000000001,85.46,0
KK98-251,none,,,,,2,7,67.9753502859562,1.832351454242118,1,496.4,12.23,0
NGC0024,name,0,0,0,.SAS5..,26,112,256.61056573807383,2.409274534140525,0,532.9,-80.43,0
NGC0055,name,2,2,0,.SBS9*/,88,139,54.4880826806582,1.7363015262770185,1,154.03,-75.73,0
NGC0100,name,,1,0,.S..6*/,2,8,312.61411195587874,2.495008578949431,0,985.5,-45.88,0
NGC0247,name,1,1,0,.SXS7..,71,129,156.0212017189946,2.193183618635966,0,270.1,-83.56,0
NGC0289,name,2,2,0,.SBT4..,1,10,414.2028909347284,2.6172131257322735,0,1518.4,-85.91,0
NGC0300,name,0,0,0,.SAS7..,87,149,127.76891816835344,2.106425217596076,0,151.84,-79.42,0
NGC0801,name,,1,0,.S..5..,1,2,214.34345171970853,2.3311102201749136,0,5891.1,-22.46,0
NGC0891,name,0,0,0,.SAS3$/,7,18,221.74556815822282,2.3458549487127276,0,723.4300000000001,-17.42,0
NGC1003,name,0,0,0,.SAS6..,7,15,362.39599680838427,2.5591833916161684,0,832.2,-17.55,0
NGC1090,name,2,2,0,.SBT4..,0,3,1164.938169245511,3.0663028751748294,0,2701.0,-51.44,0
NGC1705,name,,,1,.LA.-P*,1,19,694.4148100978006,2.841618974661469,0,418.29,-38.74,0
NGC2366,name,,,0,.IBS9..,13,38,210.24656158181088,2.322728901981214,0,238.71,28.53,0
NGC2403,name,1,1,0,.SXS6..,13,39,353.9967857553126,2.548999318706385,0,230.68,29.19,0
NGC2683,name,0,0,0,.SAT3..,0,0,2435.8683246885494,3.3866538080138833,0,716.13,38.76,0
NGC2841,name,0,0,0,.SAR3*.,2,7,514.466148905556,2.711356804118518,0,1029.3,44.15,0
NGC2903,name,1,1,0,.SXT4..,0,5,1507.980188749055,3.1783956359810484,0,481.79999999999995,44.54,0
NGC2915,name,,,0,.I.0...,1,11,923.8998434580394,2.965624893524098,0,296.38,-18.36,0
NGC2955,name,0,0,1,PSAR3..,3,3,797.9467605456801,2.901973915946523,0,7146.700000000001,48.94,0
NGC2976,name,0,0,1,.SA.5P.,9,58,86.06503753089781,1.934826762474437,1,261.34000000000003,40.9,0
NGC2998,name,1,1,0,.SXT5..,5,8,126.35653368713434,2.101597703485101,0,4971.299999999999,49.81,0
NGC3109,name,2,2,0,.SBS9./,25,151,497.5335742805278,2.696822392886324,0,97.09,23.07,0
NGC3198,name,2,2,0,.SBT5..,2,7,124.98022896536628,2.0968413159651234,0,1007.4000000000001,54.83,0
NGC3521,name,1,1,0,.SXT4..,2,20,702.7374358539317,2.846793089657514,0,562.1,52.83,0
NGC3726,name,1,1,0,.SXR5..,4,28,696.3067913021183,2.842800631008772,0,1314.0,64.88,0
NGC3741,name,,,0,.I..9..,45,147,146.96362865889057,2.1672098665358948,0,234.32999999999998,66.45,0
NGC3769,name,2,2,0,.SBR3*.,7,25,357.4909726650482,2.553265079504216,0,1314.0,64.75,0
NGC3877,name,0,0,0,.SAS5*.,8,26,346.96305729615443,2.540283235982415,0,1314.0,65.96,0
NGC3893,name,1,1,0,.SXT5*.,11,26,104.48501769068007,2.019054020583454,0,1314.0,65.23,0
NGC3917,name,0,0,0,.SA.6*.,12,31,59.91125127283168,1.7775083901163427,1,1314.0,62.79,0
NGC3949,name,0,0,0,.SAS4*.,9,28,217.12939807491787,2.3367186284169192,0,1314.0,66.41,0
NGC3953,name,2,2,0,.SBR4..,11,31,161.47853857897206,2.2081148102827393,0,1314.0,62.59,0
NGC3972,name,0,0,0,.SAS4..,10,31,69.27141135609789,1.8405540361704191,1,1314.0,60.05,0
NGC3992,name,2,2,0,.SBT4..,0,5,1323.9847124576743,3.121882970501261,0,1730.1,61.92,0
NGC4010,name,2,2,0,.SBS7*/,9,27,352.02012654439545,2.546567494720431,0,1314.0,67.36,0
NGC4013,name,,1,0,.S..3./,8,24,585.9747136842277,2.7678788754987242,0,1314.0,70.09,0
NGC4051,name,1,1,0,.SXT4..,8,24,319.0234298047644,2.5038225798009384,0,1314.0,70.09,0
NGC4068,name,,,0,.IA.9..,34,86,154.23710497102627,2.1881888649320187,0,319.01,63.04,0
NGC4085,name,1,1,0,.SXS5*$,12,27,245.09866587063524,2.389340947292069,0,1314.0,65.17,0
NGC4088,name,1,1,0,.SXT4..,12,27,301.9361824671267,2.479915159741363,0,1314.0,65.01,0
NGC4100,name,0,0,1,PSAT4..,11,28,549.1571764089987,2.739696663352788,0,1314.0,65.92,0
NGC4138,name,,,0,.LAR+..,6,21,201.36866326102327,2.303991887112831,0,1314.0,71.4,0
NGC4157,name,1,1,0,.SXS3$/,7,23,377.0681879859336,2.576419893941162,0,1314.0,65.41,0
NGC4183,name,0,0,0,.SAS6$/,6,20,214.95564070413639,2.332348846031478,0,1314.0,71.73,0
NGC4214,name,,,0,.IXS9..,50,136,76.38527862845727,1.8830096671297047,1,209.51000000000002,78.07,0
NGC4217,name,,1,0,.S..3./,3,23,249.35578461547868,2.3968194475391122,0,1314.0,68.85,0
NGC4389,name,2,2,1,.SBT4P*,3,14,687.992977896971,2.837584005566674,0,1314.0,70.74,0
NGC4559,name,1,1,0,.SXT6..,19,58,285.8500552513168,2.4561382804941068,0,657.0,86.47,0
NGC5005,name,1,1,0,.SXT4..,4,7,202.39851116893914,2.3062073135358823,0,1233.6999999999998,79.25,0
NGC5033,name,0,0,0,.SAS5..,4,9,136.77466575470427,2.136005662136658,0,1146.1,79.45,0
NGC5055,name,0,0,0,.SAT4..,7,27,365.3847662391875,2.562750436623047,0,722.7,74.29,0
NGC5371,name,1,1,0,.SXT4..,7,14,253.5995560671246,2.404148488966135,0,2898.1000000000004,71.2,0
NGC5585,name,1,1,0,.SXS7..,6,18,411.55993728049384,2.6144330923663297,0,515.38,56.47,0
NGC5907,name,0,0,0,.SAS5*/,2,4,331.52943818657167,2.5205220976709666,0,1262.9,51.09,0
NGC5985,name,1,1,0,.SXR3..,4,5,85.95321936170424,1.934262147746042,1,2898.1000000000004,46.83,0
NGC6015,name,0,0,0,.SAS6..,1,13,905.260091259668,2.9567733747527467,0,1241.0,44.12,0
NGC6195,name,,1,0,.S..3..,1,5,763.5962495111113,2.882863786640659,0,9329.4,42.14,0
NGC6503,name,0,0,0,.SAS6..,2,9,418.4105281257555,2.621602603797543,0,456.97999999999996,30.64,0
NGC6674,name,2,2,0,.SBR3..,1,5,859.0716415711023,2.9340293829716666,0,3737.6000000000004,13.92,0
NGC6789,name,,,0,.I..9..,6,17,470.16975803834936,2.672254691272431,0,256.96,21.52,0
NGC6946,name,1,1,0,.SXT6..,0,5,1518.430612648367,3.181394950859195,0,402.96,11.67,0
NGC7331,name,0,0,0,.SAS3..,1,7,131.4896052237397,2.1188914214766803,0,1073.1,-20.72,0
NGC7793,name,0,0,0,.SAS7..,51,139,93.8769002989878,1.9725587412879784,1,263.53,-77.17,0
NGC7814,name,0,0,0,.SAS2*/,3,9,343.7809373188468,2.5362817913540545,0,1051.2,-45.17,0
PGC51017,none,,,,,1,3,918.3724696577727,2.9630188562658746,0,992.8,66.2,0
UGC00128,name,,1,0,.S..8..,0,1,1551.5518947069684,3.190766305996862,0,4708.5,-26.26,0
UGC00191,name,,1,0,.S..9..,2,11,240.96567789412072,2.3819551879578302,0,1248.3000000000002,-51.24,0
UGC00634,name,1,1,0,.SX.9*.,2,5,326.1293963762604,2.513389946639763,0,2255.7,-55.16,0
UGC00731,name,,,0,.I..9*.,4,7,189.1200936738952,2.2767376743135013,0,912.5,-13.15,0
UGC00891,name,1,1,0,.SX.9*.,2,10,893.7095770048064,2.951196411865617,0,744.5999999999999,-49.8,0
UGC01230,name,,1,0,.S..9*.,1,3,873.0580430445984,2.9410431176299983,0,3920.1000000000004,-35.76,0
UGC01281,name,,1,0,.S..8..,14,32,206.13843257595144,2.3141589694581017,0,384.71,-28.71,0
UGC02023,name,,,0,.I..9*.,6,17,228.25838168723155,2.358426733867585,0,759.2,-24.74,0
UGC02259,name,2,2,0,.SBS8..,6,16,164.87832086653128,2.217163555905356,0,766.5,-19.8,0
UGC02455,name,,,0,.IBS9..,3,13,639.2403101551366,2.8056641535492925,0,505.15999999999997,-29.19,0
UGC02487,name,,,0,.LA.-..,3,4,270.35707749930305,2.4319377431687554,0,5044.299999999999,-20.49,0
UGC02885,name,0,0,0,.SAT5..,1,7,935.9858290230375,2.9712692734991233,0,5883.799999999999,-14.05,0
UGC02916,name,,1,0,.S..2..,0,3,1704.9800115954172,3.2317192918888114,0,4774.200000000001,14.19,0
UGC02953,name,0,0,1,.SAS2P.,8,10,43.968426477016806,1.6431409235551913,1,1204.5,13.11,0
UGC03205,name,,1,0,.S..2..,0,1,1813.1388504617682,3.2584310637095895,0,3650.0,-8.21,0
UGC03546,name,2,2,0,.SBR1*.,1,4,727.8420127411422,2.8620371204657147,0,2095.1,23.31,0
UGC03580,name,0,0,1,.SAS1P*,0,1,1502.8998990542464,3.1769300552801116,0,1511.1,25.65,0
UGC04278,name,2,2,0,.SBS7*/,3,8,46.30234720229659,1.6656030072418684,1,694.23,33.06,0
UGC04305,name,,,0,.I..9..,9,41,192.9185614119132,2.2853740147406327,0,251.85000000000002,32.69,0
UGC04325,name,0,0,0,.SAS9$.,6,11,203.41197848363595,2.3083765239857863,0,700.8,34.29,0
UGC04483,name,,,0,.I..9*.,10,50,83.62145319186533,1.9223177105442741,1,243.82,34.38,0
UGC04499,name,1,1,0,.SX.8..,3,12,543.3081933470818,2.735046254451345,0,912.5,37.2,0
UGC05005,name,,,0,.I..9..,0,1,1803.617461450479,3.256144431211424,0,3920.1000000000004,43.07,0
UGC05253,name,0,0,1,PSAT2..,3,8,354.94314398997017,2.550158791846761,0,1671.6999999999998,38.68,0
UGC05414,name,,,0,.IXS9..,2,9,455.89075985054205,2.658860789862438,0,686.2,53.1,0
UGC05716,name,,1,0,.S..9*.,3,23,437.29986215887175,2.640779340451075,0,1554.9,58.71,0
UGC05721,name,1,1,0,.SX.7?.,4,31,401.5305178644652,2.603718558920942,0,451.14,59.21,0
UGC05750,name,2,2,0,.SB.8*.,0,1,1891.9756946285308,3.276915552913284,0,4285.1,58.52,0
UGC05764,name,,,0,.IBS9*.,6,17,433.48430495749017,2.636973377720531,0,545.31,60.43,0
UGC05829,name,,,0,.I..9..,3,16,371.1608628284001,2.569562175645527,0,630.72,61.53,0
UGC05918,name,,,0,.I..9*.,2,19,311.7502368897355,2.493806792158169,0,559.1800000000001,47.12,0
UGC05986,name,2,2,0,.SBS9./,4,19,580.9578645189952,2.76414463519502,0,629.99,63.16,0
UGC05999,name,,,0,.I..9..,0,1,1738.9836860035314,3.240295507757814,0,3482.1000000000004,55.83,0
UGC06399,name,,1,0,.S..9*.,5,24,537.4039158365678,2.7303008266301187,0,1314.0,60.96,0
UGC06446,name,0,0,0,.SA.7..,16,48,193.09161887151728,2.285763423666265,0,876.0,59.14,0
UGC06614,name,0,0,0,RSAR1?.,1,2,843.5405569373825,2.926105968052203,0,6475.1,70.56,0
UGC06628,name,0,0,0,.SA.9..,13,53,154.3884327705677,2.1886147586156537,0,1102.3,66.47,0
UGC06667,name,,1,0,.S..6*.,13,30,411.01675442176514,2.61385952553693,0,1314.0,62.29,0
UGC06786,name,,,0,.LAR+..,2,2,145.9931918773077,2.1643326037361006,0,2138.9,76.14,0
UGC06787,name,0,0,0,.SAS2..,4,23,434.61206544629215,2.6381017787815866,0,1554.9,58.96,0
UGC06818,name,2,2,0,.SB?...,8,27,533.6851306988956,2.7272851028497205,0,1314.0,67.78,0
UGC06917,name,2,2,0,.SB.9..,12,30,222.40546781753267,2.347145460130308,0,1314.0,64.45,0
UGC06923,name,,,0,.I..9*.,14,33,76.4869218881502,1.88358718368488,1,1314.0,62.06,0
UGC06930,name,1,1,0,.SXS7..,13,31,299.7673002601413,2.4767842566272757,0,1314.0,65.51,0
UGC06973,name,,1,0,.S..2*/,9,25,385.20588094336034,2.5856929088828013,0,1314.0,71.1,0
UGC06983,name,2,2,0,.SBT6..,12,31,221.80820046772743,2.3459775984048803,0,1314.0,62.62,0
UGC07089,name,,1,0,.S..8*.,8,22,103.6476140163152,2.015559309020569,0,1314.0,71.52,0
UGC07125,name,,1,0,.S..9..,1,12,908.1391719308374,2.958152409060774,0,1445.4,76.76,0
UGC07151,name,1,1,0,.SXS6$/,52,93,146.7696569307719,2.166636279083976,0,501.51,69.01,0
UGC07232,name,,,1,.I..9P.,51,138,24.25404519323071,1.3847841824676208,1,206.59,77.59,0
UGC07261,name,2,2,0,.SBS8..,12,60,525.1860584424453,2.7203131888152354,0,956.3,79.5,0
UGC07323,name,1,1,0,.SXS8..,51,90,120.72519432058891,2.0817979131180793,0,584.0,70.32,0
UGC07399,name,2,2,0,.SBS8..,45,84,125.69664346077934,2.099323680661894,0,615.39,69.89,0
UGC07524,name,0,0,0,.SAS9*.,42,128,192.46564331028597,2.2843532156500617,0,346.02000000000004,81.53,0
UGC07559,name,,,0,.IB.9..,47,94,106.79086213290225,2.0285340926266087,0,362.81,78.74,0
UGC07577,name,,,0,.I..9..,50,137,27.147214613498175,1.4337252762805233,1,189.07,72.94,0
UGC07603,name,2,2,0,.SBS7?/,63,129,212.49666098422705,2.3273521102568333,0,343.1,83.29,0
UGC07608,name,,,0,.I..9..,37,101,125.43052254455671,2.098403231548119,0,599.33,73.26,0
UGC07690,name,,,0,.I..9*.,36,101,150.69612055674293,2.178102072205237,0,592.03,73.95,0
UGC07866,name,,,0,.IXS9..,46,107,164.11576625771576,2.2151503048179784,0,333.61,78.47,0
UGC08286,name,,1,0,.S..6*/,17,84,239.89908894492112,2.3800285986683525,0,474.5,72.58,0
UGC08490,name,0,0,0,.SAS9..,6,65,499.95081511745957,2.698927280788471,0,339.45000000000005,58.01,0
UGC08550,name,2,2,0,.SBS7?/,8,64,110.24064869604281,2.0423417601176412,0,489.1,67.61,0
UGC08699,name,1,1,0,RSX.2*/,3,13,145.13305096684968,2.1617663250359986,0,2868.8999999999996,71.89,0
UGC08837,name,,,0,.IBS9./,6,19,165.42922933201154,2.2186122465471594,0,526.33,60.79,0
UGC09037,name,,1,0,.S..6*.,0,1,1350.5356472733592,3.1305060518406096,0,6102.799999999999,62.85,0
UGC09133,name,0,0,0,.SAT2..,0,3,1700.0847268414416,3.2304705657799113,0,4168.3,70.17,0
UGC09992,name,,,0,.I..9..,5,17,453.6262192339409,2.6566981484852423,0,781.0999999999999,42.37,0
UGC10310,name,2,2,0,.SBS9..,7,20,419.8848453742389,2.623130200217568,0,1109.6,45.53,0
UGC11455,name,,1,0,.S..6*.,1,3,552.5435687300654,2.742366528353589,0,5737.799999999999,22.84,0
UGC11557,name,1,1,0,.SXS8..,0,1,1089.7476315915242,3.037325933814659,0,1766.6,12.81,0
UGC11820,name,,1,0,.S..9..,0,1,1395.5884038917754,3.144757352187125,0,1321.3000000000002,-29.52,0
UGC11914,name,0,0,0,RSAR2..,5,11,428.17003564203145,2.631616271060564,0,1233.6999999999998,-19.71,0
UGC12506,name,,1,0,.S..6*.,1,4,525.165758739909,2.720296401966005,0,7343.799999999999,-41.38,0
UGC12632,name,,1,0,.S..9*.,1,4,254.68110803099034,2.405996730663683,0,713.2099999999999,-19.31,0
UGC12732,name,,1,0,.S..9*.,1,4,171.53863866383725,2.2343619591803088,0,963.5999999999999,-33.98,0
UGCA281,pos,,1,0,.S?....,43,78,155.80685468303423,2.1925865604323795,0,414.64,68.08,0
UGCA442,pos,2,2,0,.SBS9*/,36,143,230.7733975355082,2.3631857439576396,0,317.54999999999995,-74.53,0
UGCA444,pos,,,0,.IBS9..,145,145,49.780219118313134,1.6970568039171072,1,71.53999999999999,-73.63,0
