Name,Npts,resid_fixed,resid_ml,ups_fit,inc_fit,internal_scatter,resid_err,T,Dist,f_Dist,inc,L36,MHI,Vflat,Qual,S4G,RA,DE,fgas
CamB,9,-0.6521790437391576,-0.5405049257502665,0.3,60.0,0.2672548505600169,0.04746092478546567,10.0,3.36,2,65.0,0.075,0.012,0.0,2,0,73.27958,67.09917,0.2985409652076319
D512-2,4,-0.13862455547901076,0.0008778116700086174,0.45999999999999996,46.0,0.03473824113976912,0.047169754169185826,10.0,15.2,1,56.0,0.325,0.081,0.0,2,0,218.33465,26.99804,0.39866040039965955
D564-8,6,-0.24937252145608368,-0.1420184017529628,0.3,56.0,0.12493682968541918,0.03588509372148213,10.0,8.79,2,63.0,0.033,0.029,0.0,2,0,135.72232,20.07561,0.7003813328491012
D631-7,16,-0.12303208443105501,-0.07003404315935022,0.3,56.0,0.2464611081488398,0.011908722495459387,10.0,7.72,2,59.0,0.196,0.29,57.7,1,0,119.25428,14.39657,0.7973950795947901
DDO064,14,-0.03980651148061023,-5.545112668240725e-05,0.54,55.0,0.07569520299465414,0.033057460880220636,10.0,6.8,1,60.0,0.157,0.211,46.1,1,0,147.59487,31.48828,0.7814162002617436
DDO154,12,-0.07168371900197336,-0.03364015664644658,0.3,61.0,0.09868085702600664,0.012632167317933546,10.0,4.04,2,64.0,0.053,0.275,47.0,2,0,193.52187,27.14963,0.9324410452517526
DDO161,31,-0.24368047484987793,-0.15712973636920263,0.3,60.0,0.08066301328060714,0.006474376320767865,10.0,7.5,1,70.0,0.548,1.378,66.3,1,0,195.81973,-17.42303,0.8699412362227896
DDO168,10,-0.08975999031138879,-0.014720416565926576,0.3,57.0,0.1419925924444234,0.013684707542361785,10.0,4.25,2,63.0,0.191,0.413,53.4,2,0,198.61666,45.91976,0.8518897625583522
DDO170,8,-0.20001578578075396,-0.12220029436001402,0.3,59.0,0.046023320593195804,0.011614739877064902,10.0,15.4,1,66.0,0.543,0.735,60.0,2,0,198.97408,25.43615,0.7826348024498619
ESO079-G014,15,0.045299654654818715,-0.00018157753304978052,0.64,75.42857142857143,0.09800728235656131,0.004909929495219444,4.0,28.7,1,79.0,51.733,3.14,175.0,1,0,15.71436,-65.60999,0.1390088107926385
ESO116-G012,15,0.08738061361316525,6.265261267788339e-06,0.8700000000000001,71.0,0.06267779500749288,0.006477145595619235,7.0,13.0,1,74.0,4.292,1.083,109.1,1,0,48.26977,-57.35725,0.40162670540571443
ESO444-G084,7,0.1903140733410293,0.024363537707480044,0.8999999999999999,38.0,0.055387516880617056,0.017578659484399187,10.0,4.83,2,32.0,0.071,0.135,0.0,2,0,204.335,-28.04417,0.8349221111369449
ESO563-G021,30,0.1633535502251567,-3.842753812935272e-06,0.8700000000000001,83.85714285714286,0.24509847177277502,0.004097671943560072,4.0,60.8,1,83.0,311.177,24.298,314.6,1,0,131.82075,-20.03566,0.17198247793936544
F561-1,6,-0.4592641503599223,-0.22996453933691097,0.3,20.0,0.09030487150791487,0.04075330394200316,9.0,66.4,1,24.0,4.077,1.622,50.0,3,0,122.38583,22.55944,0.5141523824050948
F563-1,17,0.16088369763428292,0.00029694053824132655,0.5800000000000001,30.0,0.16492082669909786,0.025234959335419745,9.0,48.9,1,25.0,1.903,3.2,109.9,1,0,133.75583,19.75167,0.8172827652424388
F563-V1,6,-0.6500133774735676,-0.4894211450229171,0.3,50.0,0.09527221875355231,0.06984474375929815,10.0,54.0,1,60.0,1.54,0.61,0.0,3,0,131.6575,18.89028,0.5130588756086764
F563-V2,10,0.2770650038201352,-0.0005509819852791641,0.6799999999999999,39.0,0.14701822518148658,0.03730495899288798,10.0,59.7,1,29.0,2.986,2.169,116.6,1,0,133.25833,18.43833,0.658958784952156
F565-V2,7,0.08549007327502756,0.00020158176730993043,0.75,67.14285714285714,0.10542381272509424,0.032077313266132175,10.0,51.8,1,60.0,0.559,0.699,0.0,2,0,144.4025,21.77083,0.7688497068236889
F567-2,5,-0.2560629673447012,-0.1632778576644096,0.3,20.0,0.09268457377938513,0.05461366092380823,9.0,79.0,1,20.0,2.134,2.449,0.0,3,0,154.48458,21.06139,0.7532474440181585
F568-1,12,0.25751936561526045,0.017987878029750357,0.8999999999999999,31.0,0.1763900853858942,0.025448162673980094,5.0,90.7,1,26.0,6.252,4.498,0.0,1,0,156.42542,22.42444,0.6567980554085597
F568-3,18,-0.0027142264148376904,0.00031468118159770007,0.38,42.85714285714286,0.17495466443093852,0.020239569795601438,7.0,82.4,1,40.0,8.346,3.195,0.0,1,0,156.74583,22.22667,0.5045325829489394
F568-V1,15,0.31186407195993043,0.03310511214688028,0.8999999999999999,50.0,0.13188265115784978,0.022550380282040254,7.0,80.6,1,40.0,3.825,2.491,112.3,1,0,161.2586,22.05432,0.6340084163711623
F571-8,13,0.11788423529811368,3.162770922448195e-05,0.79,89.19285714285715,0.35099103320401326,0.010540592154740505,5.0,53.3,1,85.0,10.164,1.782,139.7,1,0,173.47625,19.355,0.31804091754494734
F571-V1,7,-0.05764105953260233,0.0004686399911769323,0.8999999999999999,25.714285714285715,0.06706353272965677,0.029071127545824926,7.0,80.1,1,30.0,1.849,1.217,83.6,2,0,171.575,18.83167,0.6364687331652976
F574-1,14,0.060828012774455834,0.00021488908767269472,0.53,73.57142857142857,0.1130994723393328,0.012562580955142427,7.0,96.8,1,65.0,6.537,3.524,97.8,1,0,189.55542,22.29972,0.5891480273825895
F574-2,5,-0.7283813892554017,-0.33761341191424454,0.3,20.0,0.1259642926758834,0.1067622673173526,9.0,89.1,1,30.0,2.877,1.701,0.0,3,0,191.69708,21.80333,0.6113034103160643
F579-V1,14,0.12471133408308549,0.00043400686298860215,0.5800000000000001,29.142857142857142,0.16296413788944364,0.024033449371431335,5.0,89.5,1,26.0,11.848,2.245,112.1,1,0,218.20042,22.76611,0.3351178751606368
F583-1,25,0.09700131471164697,-0.00024870732223180073,0.81,65.14285714285714,0.22425380944700715,0.016172602777252305,9.0,35.4,1,63.0,0.986,2.126,85.8,1,0,239.36451,20.66642,0.8515319612838721
F583-4,12,-0.07636250355205614,4.6810041340617955e-05,0.64,45.0,0.030803955466253943,0.02124751207849805,5.0,53.3,1,55.0,1.715,0.641,0.0,1,0,238.05,18.785,0.4985468091203078
IC2574,34,-0.22658106480646414,-0.13168697279287916,0.3,68.0,0.11140423859321345,0.00882637722560015,9.0,3.91,2,75.0,1.016,1.036,66.4,2,1,157.09784,68.41214,0.7306297325386557
IC4202,32,0.07064148394363523,-0.0015295201896496165,0.64,89.0,0.2081836352211401,0.003633371477018742,4.0,100.4,1,90.0,179.749,12.326,242.6,1,0,197.13159,24.70083,0.15426626697311177
KK98-251,15,-0.3144588771879712,-0.2431720535306207,0.3,54.0,0.12108660072049321,0.01883977845423598,10.0,6.8,1,59.0,0.085,0.115,33.7,2,0,307.63708,60.35472,0.7825530826298286
NGC0024,29,0.1877509163216097,0.045706367992360046,0.8999999999999999,67.0,0.10210021283961436,0.010026131261344703,5.0,7.3,2,64.0,3.889,0.676,106.3,1,1,2.48559,-24.96313,0.3161789012442063
NGC0055,21,-0.17986899321201674,-0.1241168552097396,0.3,74.0,0.06151777530527506,0.008546685466310829,9.0,2.11,2,77.0,4.628,1.565,85.6,2,1,3.72334,-39.19663,0.4735465083211048
NGC0100,21,-0.0283146721262005,-0.0013854922124743256,0.44,88.0,0.17397098738349057,0.012956329295314425,6.0,13.5,1,89.0,3.232,1.99,88.1,1,1,6.01182,16.48639,0.620897553193985
NGC0247,26,-0.005765353230299785,-2.7466291202738444e-05,0.49,73.57142857142857,0.05476510620444762,0.007132385011116881,7.0,3.7,2,74.0,7.332,1.746,104.9,2,1,11.78564,-20.7604,0.3877939540895564
NGC0289,28,-0.07721803327736507,-0.00011591095855984071,0.35,44.57142857142857,0.07876256296972003,0.005964195691494943,4.0,20.8,1,46.0,72.065,27.469,163.0,2,1,13.17652,-31.20583,0.5034538774006161
NGC0300,25,0.047446761266205444,-9.701294971569031e-05,0.31,50.57142857142857,0.05513374803438218,0.008433431948675425,7.0,2.08,2,42.0,2.922,0.936,93.3,2,1,13.72283,-37.68438,0.46006474788238944
NGC0801,13,-0.11913131857263075,6.243348421596534e-05,0.3,80.85714285714286,0.10547583857983785,0.004789759008123519,5.0,80.7,1,80.0,312.57,23.201,220.1,1,0,30.93687,38.25867,0.1648869606357899
NGC0891,18,-0.04500925335557478,-0.0011722606369351251,0.43,89.0,0.07424196410766531,0.0031023860950900738,3.0,9.91,2,90.0,138.34,4.462,216.1,1,0,35.63711,42.34832,0.07901607973747497
NGC1003,36,-0.04724016833770589,-0.00018227215471702514,0.32999999999999996,67.0,0.05984010433805189,0.0036898076741802305,6.0,11.4,1,67.0,6.82,5.88,109.8,1,0,39.82039,40.87229,0.6963598803248326
NGC1090,24,-0.10003481332717042,-3.924560251498611e-05,0.3,64.0,0.12856354943744852,0.0034412500045625733,4.0,37.0,1,64.0,72.045,8.783,164.4,1,1,41.64132,-0.24704,0.24487290239852558
NGC1705,14,0.24065262637213483,0.11966443364914642,0.8999999999999999,89.9,0.041723409790395856,0.014748488711279449,11.0,5.73,2,80.0,0.533,0.139,71.9,3,1,73.55625,-53.36106,0.40957529299687623
NGC2366,26,-0.17035157866582867,-0.10480437097060634,0.3,63.0,0.126513668460694,0.009408050449014426,10.0,3.27,2,68.0,0.236,0.647,50.2,3,0,112.21604,69.20864,0.8794084884160611
NGC2403,73,0.03652168374726619,-7.110304916402542e-06,0.5700000000000001,64.28571428571429,0.036593375301463324,0.0022447914958608783,6.0,3.16,2,63.0,10.041,3.199,131.2,1,0,114.21415,65.60255,0.4587161205670624
NGC2683,11,0.010196036822656952,-3.1593264544598725e-05,0.55,75.0,0.06452015285415545,0.010247772866923839,3.0,9.81,2,80.0,80.415,1.406,154.0,2,1,133.17227,33.4218,0.04444134962454976
NGC2841,50,0.1821710234418806,0.02093054930672813,0.8999999999999999,86.0,0.038337964187088895,0.00223910654494627,3.0,14.1,3,76.0,188.121,9.775,284.8,1,1,140.51106,50.97648,0.12143282466812223
NGC2903,34,-0.003195612197160467,-8.261383855952033e-05,0.48,67.28571428571429,0.20932312218565616,0.0022435451016899264,4.0,6.6,1,66.0,81.863,2.552,184.6,1,1,143.04213,21.50083,0.07657325350598278
NGC2915,30,0.24116368934525387,0.129393789509293,0.8999999999999999,60.0,0.27361609047854807,0.01472273675073574,11.0,4.06,2,56.0,0.641,0.508,83.5,2,0,141.54805,-76.62632,0.6782580761740318
NGC2955,24,0.032429007115500216,0.0003321406678286521,0.55,56.0,0.07931211899808495,0.004823960183021218,3.0,97.9,1,56.0,319.422,28.949,0.0,1,0,145.31917,35.88212,0.19424627536101663
NGC2976,27,-0.060854357085252594,0.00041427421030458447,0.35,63.85714285714286,0.16370725012263182,0.010225778506174584,5.0,3.58,2,61.0,3.371,0.172,85.4,2,1,146.81441,67.91638,0.1195030978028063
NGC2998,13,-0.04262921104496902,-0.00016156728824346042,0.44,56.285714285714285,0.21874322936216611,0.003952791423130512,5.0,68.1,1,58.0,150.902,23.451,209.9,1,0,147.18179,44.08129,0.29247549929984606
NGC3109,25,0.06855754884051994,0.0003629696083244013,0.8999999999999999,75.0,0.119265044936643,0.00985959025993292,9.0,1.33,2,70.0,0.194,0.477,66.2,1,0,150.77865,-26.15957,0.8673794451812253
NGC3198,43,-0.037752240924915206,1.7062114383233744e-05,0.44,70.42857142857143,0.12572749346767748,0.002343388314720912,5.0,13.8,3,73.0,38.279,10.869,150.1,1,1,154.97912,45.54969,0.430291823819246
NGC3521,41,0.02267166709976232,-1.1320224257515168e-05,0.53,75.71428571428571,0.027334727260398713,0.006538288230730316,4.0,7.7,1,75.0,84.836,4.154,213.7,1,1,166.45247,-0.0359,0.1152376935691309
NGC3726,12,-0.13502990466159984,-0.0013475395795598275,0.3,51.857142857142854,0.05754546176616459,0.009078055127819857,5.0,18.0,4,53.0,70.234,6.473,168.0,2,1,173.33822,47.02909,0.19688680144966084
NGC3741,21,0.02837534548785733,-8.450482633382367e-06,0.8300000000000001,71.14285714285714,0.08750009141621844,0.01162354664911962,10.0,3.21,2,70.0,0.028,0.182,50.1,1,0,174.02397,45.28415,0.9453253143794422
NGC3769,12,-0.08337299078807889,-9.12689020907452e-05,0.32,70.28571428571429,0.0469819078176185,0.013243397328387824,3.0,18.0,4,70.0,18.679,5.529,118.6,2,1,174.43377,47.89309,0.4405163340236398
NGC3877,13,-0.06641818732700315,-0.0001982429044980292,0.4,75.0,0.19718343004567923,0.008942364060164297,5.0,18.0,4,76.0,72.535,1.483,168.4,2,1,176.53242,47.4945,0.051579384773334874
NGC3893,10,0.014906678657137077,0.00014584725295115191,0.5,50.142857142857146,0.03377794078577846,0.01117944394529034,5.0,18.0,4,49.0,58.525,5.799,174.0,1,1,177.1592,48.71079,0.2085905216933418
NGC3917,17,0.007250189888759523,7.100620013155996e-06,0.53,77.0,0.1245385361922329,0.007016831317901893,6.0,18.0,4,79.0,21.966,1.888,135.9,1,1,177.68953,51.82421,0.18608511609569853
NGC3949,7,-0.05557106681240137,-0.0002825552739358946,0.43,54.142857142857146,0.03457586236946498,0.015971026606528313,4.0,18.0,4,55.0,38.067,3.371,163.0,2,1,178.42395,47.85878,0.19064690841874343
NGC3953,8,0.003342845976953905,-8.059991542962497e-05,0.5,62.42857142857143,0.04388068315634422,0.009076329671218885,4.0,18.0,4,62.0,141.301,2.832,220.8,1,1,178.45428,52.32654,0.050614200561000404
NGC3972,10,0.034846100691575094,4.878797002346683e-05,0.5800000000000001,76.71428571428571,0.08255765121262879,0.011977092622159156,4.0,18.0,4,77.0,14.353,1.214,132.7,1,1,178.93799,55.32067,0.18366488001528816
NGC3992,9,0.052400613641686807,-1.1701194460309549e-06,0.6599999999999999,54.285714285714285,0.05015294728286195,0.0070145090099866855,4.0,23.7,5,56.0,226.932,16.599,241.0,1,1,179.39993,53.37452,0.1628761629086988
NGC4010,12,-0.048833604406808444,-0.000704047694819735,0.4,88.0,0.08658916052461983,0.012281789023122295,7.0,18.0,4,89.0,17.193,2.832,125.8,2,1,179.6583,47.26131,0.3046624379401216
NGC4013,36,-0.035582584607276604,0.0025829528078174196,0.43,89.9,0.03955058384592473,0.004019906817300407,3.0,18.0,4,89.0,79.094,2.967,172.9,2,1,179.6309,43.94702,0.09072954313913172
NGC4051,7,-0.12115065814452794,-0.00014236778943601535,0.32,49.0,0.050979261387721436,0.01609835752913534,4.0,18.0,4,49.0,95.268,2.697,157.0,2,1,180.79036,44.53126,0.07003005212119012
NGC4068,6,-0.279680982672919,-0.11082339023854539,0.3,38.0,0.22636211144050566,0.03222303545124115,10.0,4.37,2,44.0,0.236,0.154,0.0,2,1,181.0136,52.59057,0.6344712223530141
NGC4085,7,-0.10562980036030671,-0.00021297553985114966,0.33999999999999997,82.85714285714286,0.16999321908410311,0.015525199535639866,5.0,18.0,4,82.0,21.724,1.349,131.5,2,1,181.3446,50.35275,0.1417624763257763
NGC4088,12,-0.19187393787160772,-0.05252566545721977,0.3,67.0,0.038649741485137216,0.010490431593483528,4.0,18.0,4,69.0,107.286,8.226,171.7,1,1,181.39245,50.53903,0.1694018820263603
NGC4100,24,0.03409973318239322,-0.00014862233259993306,0.5700000000000001,73.0,0.05092829894687555,0.0054959293205421806,4.0,18.0,4,73.0,59.394,3.102,158.2,1,1,181.53584,49.58231,0.12197917017762648
NGC4138,7,0.046935346753545985,-4.872050565106515e-05,0.56,54.285714285714285,0.05008283338415505,0.02093505362473743,0.0,18.0,4,53.0,44.111,1.483,147.3,2,1,182.37412,43.68532,0.08208752412300874
NGC4157,17,-0.09522329756722436,1.5604370962621095e-06,0.32999999999999996,85.0,0.03973165077798682,0.008669665845610158,3.0,18.0,4,82.0,105.62,8.226,184.7,1,1,182.76819,50.48468,0.17161537981301506
NGC4183,23,-0.05513076222836897,-9.639940737675207e-05,0.33999999999999997,84.0,0.07198709435912225,0.009642283456371555,6.0,18.0,4,82.0,10.838,3.506,110.6,1,1,183.32025,43.69827,0.46250637275614515
NGC4214,14,0.17415388979569627,-0.0007391441291155715,0.36,20.0,0.09889889123247979,0.01854327188479792,10.0,2.87,2,15.0,1.141,0.486,80.1,2,1,183.91322,36.32689,0.5311780947998159
NGC4217,19,-0.08919713657282233,-0.0014766615965532003,0.37,84.0,0.18990065695520353,0.007738780401563797,3.0,18.0,4,86.0,85.299,2.562,181.3,1,1,183.96208,47.09179,0.0739836063865266
NGC4389,6,-0.38105325097281206,-0.1844712393979051,0.3,46.0,0.2087490209095461,0.030668587450939654,4.0,18.0,4,50.0,21.328,0.539,0.0,3,1,186.39624,45.68467,0.06298903335158033
NGC4559,32,-0.12137633750110136,-0.02722918286521489,0.3,66.0,0.027225441853513038,0.006334720933653145,6.0,9.0,1,67.0,19.377,5.811,121.2,1,1,188.99037,27.95976,0.4437372862233905
NGC5005,18,0.018225329367858447,-7.726628795935835e-05,0.51,70.0,0.02445938849160618,0.014270984915486036,4.0,16.9,5,68.0,178.72,1.28,262.2,1,1,197.73463,37.05894,0.018694872966229754
NGC5033,22,0.04632101627177592,0.00011971648902615538,0.61,66.14285714285714,0.042443657414865846,0.002533806558785299,5.0,15.7,1,66.0,110.509,11.314,194.2,1,1,198.36473,36.59365,0.21404219389116572
NGC5055,28,-0.11569226843043245,-0.0006626169710693628,0.41,49.857142857142854,0.02001636279988769,0.002150500497451577,4.0,9.9,2,55.0,152.922,11.722,179.0,1,1,198.95554,42.02929,0.16936498207629097
NGC5371,19,-0.13291916691494732,0.00011276509951040555,0.31,52.42857142857143,0.12372348630882221,0.003130092585272559,4.0,39.7,1,53.0,340.393,11.18,209.5,1,1,208.91676,40.46177,0.08034651440378807
NGC5585,24,-0.05697028763463098,1.6776662213923035e-06,0.32,51.857142857142854,0.10840287884538882,0.006554452595730648,7.0,7.06,1,51.0,2.943,1.683,90.3,1,1,214.95085,56.72905,0.6033575119477936
NGC5907,19,-0.0321279434805946,0.00016583471050096507,0.43,89.9,0.0790727802863901,0.0023525385053250825,5.0,17.3,2,88.0,175.425,21.025,215.0,1,1,228.9737,56.32885,0.2417382208457693
NGC5985,33,0.21279350550525347,0.035817656269365686,0.8999999999999999,62.0,0.09521169124329863,0.002607696307648803,3.0,39.7,1,60.0,208.728,11.586,293.6,1,1,234.90454,59.33195,0.12865446395517935
NGC6015,44,0.060564131124828,-0.000194003511518682,0.62,60.857142857142854,0.06930962729270336,0.0027495275929904765,6.0,17.0,1,60.0,32.129,5.834,154.1,2,1,237.85513,62.31003,0.3256930487765975
NGC6195,23,-0.01514283356683003,-3.2302947161976695e-05,0.55,57.0,0.06588771308145676,0.00422104873997332,3.0,127.8,1,62.0,391.076,20.907,251.7,1,0,249.13555,39.028,0.12449974660200655
NGC6503,31,-0.0075991694352744825,0.00011505362554450274,0.47,75.14285714285714,0.03735518819909382,0.0028866537817835206,6.0,6.26,2,74.0,12.845,1.744,116.3,1,1,267.36047,70.14434,0.26532998094261967
NGC6674,15,0.038658663062358684,-6.140391956200213e-05,0.55,55.714285714285715,0.07369914574733369,0.002368409793779386,3.0,51.2,1,54.0,214.654,32.165,241.3,1,0,279.6412,25.37511,0.2849940825327626
NGC6789,4,0.32329584786874555,0.11145724456731486,0.8999999999999999,50.0,0.1372942143974627,0.05579956845470702,11.0,3.52,2,43.0,0.1,0.017,0.0,2,0,289.17154,63.97331,0.3113896157554056
NGC6946,58,-0.05667684702324444,0.0002804724661635697,0.39,38.57142857142857,0.029895106135348057,0.002135135453012334,6.0,5.52,2,38.0,66.173,5.67,158.9,1,0,308.71805,60.15368,0.18561519755043368
NGC7331,36,-0.07197730043171344,-2.9042972276507746e-05,0.38,74.71428571428571,0.03140110934765308,0.002379581083631333,3.0,14.7,3,75.0,250.631,11.067,239.0,1,0,339.26709,34.41592,0.10511051517906896
NGC7793,46,-0.017631037832292674,-0.0009593144046908521,0.8300000000000001,38.0,0.15719678301573656,0.0102355958964059,7.0,3.61,2,47.0,7.05,0.861,0.0,1,1,359.45761,-32.59103,0.2452030243269459
NGC7814,18,0.14872354887441008,0.0015237238638590167,0.8400000000000001,89.9,0.032692770724518046,0.0037614679831401397,2.0,14.4,2,90.0,74.529,1.07,218.9,1,1,0.81228,16.14523,0.036784396033871326
PGC51017,6,-0.6393486576048731,-0.561722596169989,0.3,63.0,0.29956372289154004,0.040701575967235434,11.0,13.6,2,66.0,0.155,0.201,18.6,3,0,214.25733,43.50372,0.7752515732389873
UGC00128,22,-0.01393194054726404,-0.00011493635891928854,0.44,57.0,0.09540457018710423,0.003325981334525297,8.0,64.5,1,57.0,12.02,7.431,129.3,1,0,3.46221,35.9935,0.621851568246354
UGC00191,9,-0.019590025462971818,0.0001273668228901808,0.55,42.857142857142854,0.09652894961044493,0.010405395372288516,9.0,17.1,1,45.0,2.004,1.343,0.0,1,1,5.0215,10.87931,0.6406270734777759
UGC00634,4,0.009914976128500478,-3.550473058760955e-05,0.42,38.14285714285714,0.026008001655125755,0.009878081627410032,9.0,30.9,1,37.0,2.989,3.663,0.0,2,1,15.35488,7.62599,0.7652478916291907
UGC00731,12,0.022231810578117468,1.661373985500427e-05,0.52,59.14285714285714,0.19891919519955908,0.010996706747202349,10.0,12.5,1,57.0,0.323,1.807,73.3,1,0,17.68333,49.60219,0.9370323727683532
UGC00891,5,-0.07750657309555727,-0.0017110917143742356,0.3,55.0,0.1176979120757258,0.015361189512955778,9.0,10.2,1,60.0,0.374,0.428,0.0,2,1,20.32954,12.41172,0.7527240029620226
UGC01230,11,-0.019605297108667527,-9.199770180708118e-05,0.6,20.857142857142858,0.19234191563248976,0.030584561137237495,9.0,53.7,1,22.0,7.62,6.43,103.7,1,0,26.38438,25.52147,0.6917949506143877
UGC01281,25,-0.027053169190426402,0.0005859398202495771,0.38,89.9,0.3910304406981855,0.02022239055516475,8.0,5.27,2,90.0,0.353,0.294,55.2,1,0,27.38212,32.58783,0.6889977445728784
UGC02023,5,-0.2117078818166244,-0.17146954118833355,0.3,20.0,0.14697519322850364,0.08346811784372009,10.0,10.4,1,19.0,1.308,0.477,0.0,2,0,38.3255,33.49042,0.4923976063520153
UGC02259,8,0.13302623205197642,-0.00038209411300916835,0.8799999999999999,43.14285714285714,0.10982406874105206,0.00862132606816397,8.0,10.5,1,41.0,1.725,0.494,86.2,2,0,41.98082,37.53844,0.4323865431188797
UGC02455,8,-0.5540595103134622,-0.3815957861418857,0.3,46.0,0.1762780066528074,0.028023341038882554,10.0,6.92,1,51.0,3.649,0.803,0.0,3,0,44.92849,25.24119,0.36922858851715995
UGC02487,17,0.16682985761100777,0.00013743661032301143,0.8200000000000001,38.142857142857146,0.04249043836002918,0.002129827883134504,0.0,69.1,1,36.0,489.955,17.963,332.0,1,0,45.42649,35.20565,0.08885685255036956
UGC02885,19,0.05027358644188701,-0.00016167492884726576,0.65,62.285714285714285,0.07390460173075562,0.00696371378214687,5.0,80.6,1,64.0,403.525,40.075,289.5,1,0,58.26017,35.58947,0.20896761476855163
UGC02916,43,0.015016019090882895,-7.125045117271466e-05,0.59,47.142857142857146,0.12035451774073683,0.0021008971618787123,2.0,65.4,1,50.0,124.153,23.273,182.7,2,0,60.64098,71.70592,0.3327230615549311
UGC02953,115,0.10623604653032101,-0.00042350886424869476,0.65,52.285714285714285,0.12021443405953165,0.0009220453851032723,2.0,16.5,1,50.0,259.518,7.678,264.9,2,0,61.94545,69.81243,0.07295624785580188
UGC03205,48,0.059192405131556304,0.00016589640775934364,0.6,69.28571428571429,0.07838711838843504,0.0024704496831849903,2.0,50.0,1,67.0,113.642,9.677,219.6,1,0,74.06173,30.05219,0.18467713596266744
UGC03546,30,-0.004439686607070297,9.863619367696431e-05,0.61,50.0,0.025175567096214737,0.0029305673593229232,1.0,28.7,1,55.0,101.336,2.675,196.9,1,0,102.5361,60.84569,0.0656099731216258
UGC03580,47,-0.09755791481997116,0.0011537753722140169,0.33999999999999997,59.57142857142857,0.13930976605200818,0.003395656770294633,1.0,20.7,1,63.0,13.266,4.37,126.2,2,0,103.87864,69.563,0.4670191480984484
UGC04278,25,0.05661117145296406,-6.379325926168874e-05,0.6799999999999999,87.41428571428571,0.13812758142670437,0.01372732083647684,7.0,9.51,1,90.0,1.307,1.116,91.4,1,0,123.49545,45.74215,0.6943090495747926
UGC04305,22,-0.5142547030730684,-0.23128319133244646,0.3,30.0,0.21500552627703828,0.020065503369141178,10.0,3.45,2,40.0,0.736,0.69,34.5,3,1,124.77074,70.72003,0.7137745974955277
UGC04325,8,0.1751740620094299,0.012945795457551404,0.8999999999999999,44.0,0.10717396439543743,0.011324213904619872,9.0,9.6,1,41.0,2.026,0.678,90.9,1,0,124.83554,50.00961,0.4709464470371957
UGC04483,8,-0.20178739410494773,-0.1434612507050961,0.3,55.0,0.07381496694190579,0.03237239755925026,10.0,3.34,2,58.0,0.013,0.032,0.0,2,1,129.26371,69.77478,0.8675091724419078
UGC04499,9,-0.10245249434282531,-0.008493548200942183,0.3,47.0,0.0848581748335806,0.012822316909395162,8.0,12.5,1,50.0,1.552,1.1,72.8,1,1,129.42287,51.65238,0.6534167038856633
UGC05005,11,-0.15462420207527747,-0.00017323380791711191,0.81,31.0,0.11873314678554706,0.03530107372836771,10.0,53.7,1,41.0,4.1,3.093,98.9,1,0,141.12245,22.27482,0.6674070240391714
UGC05253,73,0.08767918666683114,-0.00012314125558547548,0.52,41.0,0.08622067634909587,0.0013747761590262601,2.0,22.9,1,37.0,171.582,16.396,213.7,2,0,147.59264,72.27865,0.20266868207567304
UGC05414,6,-0.1308678322399696,-0.030068608305583666,0.3,52.0,0.05949476888054087,0.018354909490094596,10.0,9.4,1,55.0,1.123,0.574,0.0,1,0,150.98827,40.76151,0.5762008272197566
UGC05716,12,-0.026163223756946248,-0.00010213615229254224,0.55,51.142857142857146,0.07656952986077646,0.007795616956399994,9.0,21.3,1,54.0,0.588,1.094,73.1,2,0,157.93028,25.30761,0.83190586728568
UGC05721,23,0.21863996599501784,0.09161834680329453,0.8999999999999999,66.0,0.08698875895818857,0.011857112660751422,7.0,6.18,1,61.0,0.531,0.562,79.7,1,0,158.072,27.66877,0.7378968567366925
UGC05750,11,-0.16201611589474912,-0.00016867511123663345,0.3,54.0,0.27318044372841904,0.03563472653353469,8.0,58.7,1,64.0,3.336,1.099,0.0,1,0,158.93796,20.99019,0.46703646071311034
UGC05764,10,0.15656078578494462,0.04708323195288851,0.8999999999999999,70.0,0.1355033927832334,0.01234259898190628,10.0,7.47,1,60.0,0.085,0.163,0.0,2,1,159.17976,31.54726,0.8360908635118979
UGC05829,11,-0.12372552254580746,-0.00010922289346141536,0.63,28.285714285714285,0.07263358108364659,0.027019774596095468,10.0,8.64,1,34.0,0.564,1.023,0.0,2,1,160.67828,34.44928,0.8283199094113565
UGC05918,8,-0.05433173560079407,3.653678320838498e-05,0.45999999999999996,43.142857142857146,0.08653114032113236,0.03321799832200635,10.0,7.66,1,46.0,0.233,0.297,0.0,2,1,162.40172,65.53363,0.7722429669019178
UGC05986,15,0.13914243047504224,0.008568451603900669,0.8999999999999999,89.9,0.09595112405766498,0.006303754857593559,9.0,8.63,1,90.0,4.695,2.667,113.0,2,0,163.12972,36.61878,0.6017548234743265
UGC05999,5,-0.08261776686049198,0.0002947534079458311,0.48,20.0,0.09567129956116195,0.022708885726513986,10.0,47.7,1,22.0,3.384,2.022,0.0,2,0,163.24438,7.6198,0.6138097259692417
UGC06399,9,0.040232768658300035,1.005207161485062e-05,0.6,77.0,0.07469193063158158,0.018487370164588107,9.0,18.0,4,75.0,2.296,0.674,85.0,1,1,170.84677,50.89268,0.43847154694240914
UGC06446,17,0.09398718301902097,0.00017959174632931963,0.79,54.0,0.10305240665820437,0.012640829969239055,7.0,12.0,1,51.0,0.988,1.379,82.2,1,1,171.66854,53.74667,0.7878070676569003
UGC06614,13,-0.07038598587504169,8.082925029512071e-06,0.8600000000000001,27.428571428571427,0.0509139235658526,0.014160444457949629,1.0,88.7,1,36.0,124.35,21.888,199.8,1,0,174.81185,17.14358,0.31889914383404083
UGC06628,7,-0.49982266239254297,-0.410906003308099,0.3,20.0,0.14101652235704742,0.06883543450822603,9.0,15.1,1,20.0,3.739,1.5,41.8,2,1,175.02392,45.94216,0.5162375469012809
UGC06667,9,0.22395728105041196,0.16335451678598234,0.8999999999999999,89.9,0.11837891812114996,0.013353114963128377,6.0,18.0,4,89.0,1.397,0.809,83.8,1,1,175.60962,51.59801,0.6063613360609084
UGC06786,45,0.1781441351792017,-0.00024656201093341143,0.8799999999999999,67.0,0.06206031605118362,0.0020095933314245975,0.0,29.3,1,64.0,73.407,5.03,219.4,1,0,177.28931,27.02207,0.15416860628574855
UGC06787,71,0.1709307787466494,-3.913122502147533e-05,0.8799999999999999,67.28571428571429,0.06548393287725954,0.001391936988224907,2.0,21.3,1,66.0,98.256,5.03,248.1,2,0,177.31404,56.08435,0.11985223378163637
UGC06818,8,-0.11765473076909873,-0.016197921008032145,0.3,72.0,0.19106897506941067,0.029100828640762393,9.0,18.0,4,75.0,1.588,1.079,71.2,2,1,177.69564,45.8072,0.6437976375797978
UGC06917,11,0.02826462016861684,0.00023231044654313675,0.59,55.42857142857143,0.041447663207023214,0.011181165400193073,9.0,18.0,4,56.0,6.832,2.023,108.7,1,1,179.11989,50.42839,0.4406043307312264
UGC06923,6,-0.06448746321469738,0.00012588954582565365,0.35,64.42857142857143,0.08367691419624079,0.024706983630319368,10.0,18.0,4,65.0,2.89,0.809,79.6,2,0,179.20636,53.16034,0.4268079350408771
UGC06930,10,-0.05317857925585107,0.00019466117366855743,0.79,27.0,0.07077142173316861,0.016792121374346814,7.0,18.0,4,32.0,8.932,3.237,107.2,1,1,179.32248,49.28325,0.49083421785591735
UGC06973,9,-0.15316118830743258,0.00013295726948874776,0.31,71.0,0.11782689476115314,0.008513972136681855,2.0,18.0,4,71.0,53.87,1.753,174.2,3,0,179.7176,42.7224,0.07966414831433494
UGC06983,17,0.06736976834088082,8.894998401488399e-05,0.69,49.857142857142854,0.07950284563424655,0.01067698963805967,6.0,18.0,4,49.0,5.298,2.967,109.0,1,1,179.78639,52.70779,0.5983387691789827
UGC07089,12,-0.19485336560034258,-0.09823541484338144,0.3,77.0,0.057451884564120106,0.020708826823552212,8.0,18.0,4,80.0,3.585,1.214,0.0,2,1,181.49061,43.14336,0.47389584164925214
UGC07125,13,-0.34196694951969997,-0.2911130761533295,0.3,87.0,0.06658941365873156,0.010054020514368852,9.0,19.8,1,90.0,2.712,4.629,65.2,1,1,182.17297,36.8023,0.8195025137868932
UGC07151,11,-0.03221845587312233,-0.0015155878502947048,0.43,87.0,0.06744033192446341,0.010315460476759408,6.0,6.87,2,90.0,2.284,0.616,73.5,1,0,182.49417,46.45718,0.417727198564203
UGC07232,4,0.030342050647589058,5.256061563659928e-05,0.5,62.57142857142857,0.11867113022265692,0.04459951006434227,10.0,2.83,2,59.0,0.113,0.046,0.0,2,0,183.43399,36.63127,0.5198844323589396
UGC07261,7,-0.007645574312551474,2.7590104394286904e-05,0.48,30.0,0.08005196371034813,0.027386570092287194,8.0,13.1,1,30.0,1.753,1.388,74.7,2,0,183.80983,20.65908,0.678057989965253
UGC07323,10,-0.11035548309161555,-5.630312522708194e-05,0.36,44.0,0.049368770428270536,0.01674742686702961,8.0,8.0,1,47.0,4.109,0.722,0.0,1,0,184.37572,45.61929,0.3185195504783134
UGC07399,10,0.323972667806492,0.19046220710537398,0.8999999999999999,58.0,0.039876596161207374,0.009803757734836153,8.0,8.43,1,55.0,1.156,0.745,103.0,1,0,185.15883,46.29102,0.6315772699748223
UGC07524,31,-0.06718181395178986,-0.0002916682124212085,0.38,43.857142857142854,0.07845038753721652,0.007997505460709238,9.0,4.74,2,46.0,2.436,1.779,79.5,1,0,186.45384,33.54675,0.6601628874436046
UGC07559,7,-0.2936153364052615,-0.21411312141928798,0.3,58.0,0.09979918479805829,0.04249667732679433,10.0,4.97,2,61.0,0.109,0.169,0.0,2,1,186.77319,37.14177,0.8048483546388799
UGC07577,9,-0.6482571998816492,-0.5610142286314094,0.3,60.0,0.09210337778959315,0.07910265009239122,10.0,2.59,2,63.0,0.045,0.044,0.0,2,1,186.92453,43.49947,0.7222907923969389
UGC07603,12,0.10320055706806361,-0.0003291754491980239,0.8999999999999999,80.57142857142857,0.1032133833916259,0.013312495912864415,7.0,4.7,1,78.0,0.376,0.258,61.6,1,0,187.1838,22.82044,0.6460443574198894
UGC07608,8,0.125663069755437,0.00015819716983858856,0.62,28.57142857142857,0.14652369064257276,0.0393627744493374,10.0,8.21,1,25.0,0.264,0.535,0.0,1,1,187.18366,43.22383,0.8435184636358248
UGC07690,7,-0.05236750690964858,6.9537330373066e-05,0.5,38.142857142857146,0.0700839023665306,0.024965840609067983,10.0,8.11,1,41.0,0.858,0.39,57.4,2,1,188.11206,42.70412,0.5473251028806585
UGC07866,7,-0.23545725852547722,-0.08698835852231258,0.3,39.0,0.03748732629513705,0.052125200600583746,10.0,4.57,2,44.0,0.124,0.118,0.0,2,0,190.56315,38.50163,0.71681739289303
UGC08286,17,0.12426232831579921,0.028386122590201172,0.8999999999999999,89.9,0.0872519431333844,0.0058283310782111485,6.0,6.5,2,90.0,1.255,0.642,82.4,1,0,198.04916,44.03802,0.5764027650267323
UGC08490,30,0.10065664595070113,0.00010203776325766498,0.8,53.0,0.047874335070831255,0.007727808731874557,9.0,4.65,2,50.0,1.017,0.72,78.6,1,0,202.40212,58.41873,0.6531614487415592
UGC08550,11,0.031001434417920592,3.3363100807117827e-05,0.64,88.65714285714286,0.04997240007187994,0.0108257203383909,7.0,6.7,1,90.0,0.289,0.288,56.9,1,0,203.5118,47.91547,0.7260871213557265
UGC08699,41,0.10011096072266414,7.947756007372532e-05,0.63,82.0,0.043674603532837405,0.0031177705519432612,2.0,39.3,1,73.0,50.302,3.738,182.4,2,0,206.28612,41.5033,0.1650438508837568
UGC08837,8,-0.32518553755465146,-0.24539536361416242,0.3,75.0,0.2155812682403866,0.0251823838572316,10.0,7.21,2,80.0,0.501,0.32,0.0,2,1,208.69001,53.90557,0.6294926785978405
UGC09037,22,-0.19745917412486103,-0.05602496481489443,0.3,60.0,0.09528719276946579,0.007652128786386277,6.0,83.6,1,65.0,68.614,19.078,152.3,2,0,212.12127,7.058,0.42515793202296087
UGC09133,68,-0.004754370160467856,3.485578695828607e-05,0.5800000000000001,49.57142857142857,0.10123510873618975,0.001378717301683441,2.0,57.1,1,53.0,282.926,33.428,226.8,1,0,214.03213,35.34372,0.2391281430344213
UGC09992,5,-0.3101848172185064,0.0006904922307059481,0.5700000000000001,20.0,0.12150257092536036,0.06850343775768239,10.0,10.7,1,30.0,0.336,0.318,33.6,2,1,235.45004,67.25389,0.7157071783937456
UGC10310,7,-0.05922387952291694,0.00017535190473814808,0.5800000000000001,30.57142857142857,0.07861509765198514,0.025891245914369174,9.0,15.2,1,34.0,1.741,1.196,71.4,1,1,244.07459,47.04532,0.6463078685833624
UGC11455,36,-0.03207082801024661,-0.0020956644806536945,0.44999999999999996,89.0,0.11071796620132841,0.00420358369022838,6.0,78.6,1,90.0,374.322,13.335,269.4,1,0,292.4844,72.11282,0.086558558453034
UGC11557,12,-0.34914789773725946,-0.0004999135012721982,0.45999999999999996,20.0,0.3749928067269689,0.029383865461228086,8.0,24.2,1,30.0,12.101,2.605,0.0,2,0,306.00286,60.19484,0.3641193254967079
UGC11820,10,-0.11925673636476733,9.472490131745132e-06,0.3,39.285714285714285,0.11944394623628429,0.010232229045588034,9.0,18.1,1,45.0,0.97,1.977,0.0,1,0,327.36933,14.23094,0.8442722698681292
UGC11914,65,0.1776917991871528,-0.00011188822913261685,0.8999999999999999,29.571428571428573,0.045336048649568396,0.001884370319562778,2.0,16.9,1,31.0,150.028,0.888,288.1,1,0,331.9682,31.35926,0.015500221536729952
UGC12506,31,0.12202326609711865,-7.458558537323558e-05,0.8899999999999999,83.12857142857143,0.17460391892918245,0.008744962253710641,6.0,100.6,1,86.0,139.571,35.556,234.0,2,0,349.87698,16.07479,0.40392473267986034
UGC12632,15,-0.06282051764458732,0.00013726598856198333,0.4,43.42857142857143,0.08276074300347737,0.011201829820207074,9.0,9.77,1,46.0,1.301,1.744,71.7,1,0,352.49492,40.99033,0.7809779058726877
UGC12732,16,-0.021121635489662255,2.8971383812880845e-05,0.78,35.57142857142857,0.07216476050685304,0.009754253102040429,9.0,13.2,1,39.0,1.667,3.66,0.0,1,1,355.1665,26.23606,0.8538052724817148
UGCA281,7,-0.09967436780304662,-0.003747047557717796,0.3,64.0,0.02657848418601889,0.029348365698169992,11.0,5.68,2,67.0,0.194,0.062,0.0,3,0,186.56675,48.4935,0.45948957985066313
UGCA442,8,-0.03394702082580421,-9.778651223198318e-05,0.72,58.0,0.06172406559847316,0.014615250027427099,9.0,4.35,2,64.0,0.14,0.263,56.4,1,0,355.93979,-31.95677,0.8332499583124896
UGCA444,36,-0.14572702252544562,-0.12359263858515024,0.3,74.0,0.08870830910594946,0.020496476981107844,10.0,0.98,2,78.0,0.012,0.067,37.0,2,0,0.49125,-15.46389,0.9369151508779308
