variant,panel,tier,probe,n,r,p,rho,p_rho,floor,floor_bonf
default,all,T2,bar_SB_vs_SA,62,0.0773,0.5503,0.0219,0.8657,0.2500,0.3248
default,all,T2,morphology_T,175,-0.2385,0.0015,-0.2057,0.0063,0.1484,0.1942
default,all,T2,environment_logN1,175,-0.0058,0.9396,-0.0332,0.6626,0.1484,0.1942
default,all,T2,gas_fraction,175,-0.1049,0.1670,-0.0713,0.3484,0.1484,0.1942
default,all,T2,interaction_logdnn,175,0.0673,0.3759,0.0454,0.5510,0.1484,0.1942
default,all,T2,[tilt] logVflat,135,0.3392,0.0001,0.1320,0.1269,0.1690,0.2210
default,all,T2,[tilt] logVflat|T,135,0.3553,0.0000,nan,nan,0.1690,0.2210
default,Q<=2,T2,bar_SB_vs_SA,61,0.1299,0.3183,0.0549,0.6743,0.2521,0.3274
default,Q<=2,T2,morphology_T,163,-0.1833,0.0192,-0.1690,0.0310,0.1538,0.2012
default,Q<=2,T2,environment_logN1,163,-0.0780,0.3221,-0.0557,0.4803,0.1538,0.2012
default,Q<=2,T2,gas_fraction,163,-0.0714,0.3653,-0.0442,0.5752,0.1538,0.2012
default,Q<=2,T2,interaction_logdnn,163,0.1810,0.0208,0.0988,0.2095,0.1538,0.2012
default,Q<=2,T2,[tilt] logVflat,129,0.1818,0.0392,0.0735,0.4076,0.1729,0.2260
default,Q<=2,T2,[tilt] logVflat|T,129,0.1800,0.0413,nan,nan,0.1729,0.2260
default,all,T1,bar_SB_vs_SA,62,-0.0621,0.6317,-0.0932,0.4715,0.2500,0.3248
default,all,T1,morphology_T,175,-0.2761,0.0002,-0.2590,0.0005,0.1484,0.1942
default,all,T1,environment_logN1,175,-0.0080,0.9158,-0.0222,0.7711,0.1484,0.1942
default,all,T1,gas_fraction,175,-0.1211,0.1103,-0.1229,0.1053,0.1484,0.1942
default,all,T1,interaction_logdnn,175,0.0032,0.9661,-0.0026,0.9727,0.1484,0.1942
default,all,T1,[tilt] logVflat,135,0.3926,0.0000,0.2534,0.0030,0.1690,0.2210
default,all,T1,[tilt] logVflat|T,135,0.4006,0.0000,nan,nan,0.1690,0.2210
gd120,all,T2,bar_SB_vs_SA,62,0.0335,0.7958,-0.0457,0.7245,0.2500,0.3248
gd120,all,T2,morphology_T,175,-0.3114,0.0000,-0.2188,0.0036,0.1484,0.1942
gd120,all,T2,environment_logN1,175,-0.0368,0.6287,-0.0689,0.3651,0.1484,0.1942
gd120,all,T2,gas_fraction,175,-0.1822,0.0158,-0.1100,0.1472,0.1484,0.1942
gd120,all,T2,interaction_logdnn,175,0.0844,0.2666,0.0577,0.4484,0.1484,0.1942
gd120,all,T2,[tilt] logVflat,135,0.4401,0.0000,0.1483,0.0860,0.1690,0.2210
gd120,all,T2,[tilt] logVflat|T,135,0.3904,0.0000,nan,nan,0.1690,0.2210
gd120,Q<=2,T2,bar_SB_vs_SA,61,0.0940,0.4713,-0.0151,0.9078,0.2521,0.3274
gd120,Q<=2,T2,morphology_T,163,-0.2713,0.0005,-0.1617,0.0392,0.1538,0.2012
gd120,Q<=2,T2,environment_logN1,163,-0.1292,0.1003,-0.1000,0.2043,0.1538,0.2012
gd120,Q<=2,T2,gas_fraction,163,-0.1681,0.0320,-0.0725,0.3577,0.1538,0.2012
gd120,Q<=2,T2,interaction_logdnn,163,0.2139,0.0061,0.1049,0.1826,0.1538,0.2012
gd120,Q<=2,T2,[tilt] logVflat,129,0.3030,0.0005,0.0839,0.3446,0.1729,0.2260
gd120,Q<=2,T2,[tilt] logVflat|T,129,0.2217,0.0116,nan,nan,0.1729,0.2260
gd120,all,T1,bar_SB_vs_SA,62,-0.0893,0.4900,-0.1205,0.3507,0.2500,0.3248
gd120,all,T1,morphology_T,175,-0.3060,0.0000,-0.2945,0.0001,0.1484,0.1942
gd120,all,T1,environment_logN1,175,-0.0123,0.8713,-0.0266,0.7271,0.1484,0.1942
gd120,all,T1,gas_fraction,175,-0.1556,0.0397,-0.1676,0.0266,0.1484,0.1942
gd120,all,T1,interaction_logdnn,175,0.0052,0.9453,0.0010,0.9893,0.1484,0.1942
gd120,all,T1,[tilt] logVflat,135,0.4298,0.0000,0.2978,0.0005,0.1690,0.2210
gd120,all,T1,[tilt] logVflat|T,135,0.4145,0.0000,nan,nan,0.1690,0.2210
press,all,T2,bar_SB_vs_SA,62,0.0749,0.5627,-0.0018,0.9888,0.2500,0.3248
press,all,T2,morphology_T,175,-0.1902,0.0117,-0.1371,0.0703,0.1484,0.1942
press,all,T2,environment_logN1,175,0.0548,0.4712,-0.0335,0.6594,0.1484,0.1942
press,all,T2,gas_fraction,175,-0.0654,0.3897,-0.0040,0.9586,0.1484,0.1942
press,all,T2,interaction_logdnn,175,0.0011,0.9881,0.0279,0.7136,0.1484,0.1942
press,all,T2,[tilt] logVflat,135,0.2951,0.0005,0.1164,0.1790,0.1690,0.2210
press,all,T2,[tilt] logVflat|T,135,0.3102,0.0003,nan,nan,0.1690,0.2210
press,Q<=2,T2,bar_SB_vs_SA,61,0.1339,0.3034,0.0303,0.8167,0.2521,0.3274
press,Q<=2,T2,morphology_T,163,-0.1170,0.1369,-0.0930,0.2375,0.1538,0.2012
press,Q<=2,T2,environment_logN1,163,-0.0070,0.9296,-0.0565,0.4737,0.1538,0.2012
press,Q<=2,T2,gas_fraction,163,-0.0229,0.7719,0.0294,0.7093,0.1538,0.2012
press,Q<=2,T2,interaction_logdnn,163,0.1151,0.1434,0.0801,0.3096,0.1538,0.2012
press,Q<=2,T2,[tilt] logVflat,129,0.1384,0.1179,0.0571,0.5206,0.1729,0.2260
press,Q<=2,T2,[tilt] logVflat|T,129,0.1333,0.1320,nan,nan,0.1729,0.2260
press,all,T1,bar_SB_vs_SA,62,-0.0583,0.6527,-0.0822,0.5254,0.2500,0.3248
press,all,T1,morphology_T,175,-0.2180,0.0038,-0.1975,0.0088,0.1484,0.1942
press,all,T1,environment_logN1,175,0.0380,0.6180,0.0134,0.8604,0.1484,0.1942
press,all,T1,gas_fraction,175,-0.0749,0.3247,-0.0758,0.3185,0.1484,0.1942
press,all,T1,interaction_logdnn,175,-0.0495,0.5157,-0.0394,0.6044,0.1484,0.1942
press,all,T1,[tilt] logVflat,135,0.3358,0.0001,0.2053,0.0169,0.1690,0.2210
press,all,T1,[tilt] logVflat|T,135,0.3566,0.0000,nan,nan,0.1690,0.2210
